queryID,n_prune_user,n_result_user,n_refine_user,ip_cost,io_cost,total_time,memory_index_time,io_time
         0,   2182819,       100,         0,      6638,         0,      0.18,      0.16,      0.00
         1,   2163845,       100,         0,     25612,         0,      0.06,      0.06,      0.00
         2,   2189357,       100,         0,      6618,         0,      0.04,      0.04,      0.00
         3,   2189357,       100,         0,      4252,         0,      0.04,      0.04,      0.00
         4,   2189357,       100,         0,     19332,         0,      0.04,      0.04,      0.00
         5,   2183243,       100,         0,      6214,         0,      0.04,      0.04,      0.00
         6,   2189357,       100,         0,      9855,         0,      0.04,      0.04,      0.00
         7,   2179339,       100,         0,     10118,         0,      0.04,      0.04,      0.00
         8,   2189357,       100,         0,     14087,         0,      0.04,      0.04,      0.00
         9,   2184903,       100,         0,      4554,         0,      0.04,      0.04,      0.00
        10,   2189357,       100,         0,      3204,         0,      0.04,      0.04,      0.00
        11,   2186648,       100,         0,      2809,         0,      0.04,      0.04,      0.00
        12,   2181285,       100,         0,      8171,         0,      0.04,      0.04,      0.00
        13,   2167025,       100,         0,     22432,         0,      0.04,      0.04,      0.00
        14,   2113691,       100,         0,     75766,         0,      0.05,      0.05,      0.00
        15,   2185950,       100,         0,      3507,         0,      0.04,      0.04,      0.00
        16,   2152162,       100,         0,     37295,         0,      0.05,      0.05,      0.00
        17,   2184487,       100,         0,      4970,         0,      0.04,      0.04,      0.00
        18,   1612281,       100,         0,    577155,         0,      0.14,      0.14,      0.00
        19,   2184478,       100,         0,      4978,         0,      0.04,      0.04,      0.00
        20,   2189357,       100,         0,      2192,         0,      0.04,      0.04,      0.00
        21,   2186626,       100,         0,      2831,         0,      0.04,      0.04,      0.00
        22,   1508707,       100,         0,    680750,         0,      0.15,      0.15,      0.00
        23,   2183996,       100,         0,      5461,         0,      0.04,      0.04,      0.00
        24,   2164765,       100,         0,     24692,         0,      0.04,      0.04,      0.00
        25,   2179779,       100,         0,      9678,         0,      0.04,      0.04,      0.00
        26,   2189357,       100,         0,      2406,         0,      0.04,      0.04,      0.00
        27,   2151328,       100,         0,     38129,         0,      0.05,      0.04,      0.00
        28,   1787659,       100,         0,    401798,         0,      0.09,      0.08,      0.00
        29,   2189357,       100,         0,      6134,         0,      0.04,      0.04,      0.00
        30,   2189357,       100,         0,      3642,         0,      0.04,      0.04,      0.00
        31,   2186417,       100,         0,      3040,         0,      0.04,      0.04,      0.00
        32,   1910001,       100,         0,    279456,         0,      0.08,      0.07,      0.00
        33,   2189357,       100,         0,      3005,         0,      0.04,      0.04,      0.00
        34,   2183898,       100,         0,      5559,         0,      0.04,      0.04,      0.00
        35,   2188006,       100,         0,      1450,         0,      0.04,      0.04,      0.00
        36,   2188354,       100,         0,      1103,         0,      0.04,      0.04,      0.00
        37,   2154797,       100,         0,     34660,         0,      0.04,      0.04,      0.00
        38,   2106270,       100,         0,     83187,         0,      0.05,      0.05,      0.00
        39,   2189354,        98,         5,     70854,         0,      0.08,      0.04,      0.00
        40,   2177669,       100,         0,     11788,         0,      0.04,      0.04,      0.00
        41,   2189357,       100,         0,      2460,         0,      0.04,      0.04,      0.00
        42,   2189357,       100,         0,      2324,         0,      0.04,      0.04,      0.00
        43,   2182771,       100,         0,      6686,         0,      0.04,      0.04,      0.00
        44,   2182360,       100,         0,      7097,         0,      0.04,      0.04,      0.00
        45,   2171761,       100,         0,     17696,         0,      0.04,      0.04,      0.00
        46,   2178870,       100,         0,     10587,         0,      0.04,      0.04,      0.00
        47,    902613,       100,         0,   1286844,         0,      0.20,      0.19,      0.00
        48,   2189357,       100,         0,     12758,         0,      0.04,      0.04,      0.00
        49,   2189357,       100,         0,     14134,         0,      0.04,      0.04,      0.00
        50,   2189356,        97,         4,     84479,         0,      0.09,      0.04,      0.00
        51,   2189357,       100,         0,     11986,         0,      0.04,      0.04,      0.00
        52,   2187123,       100,         0,      2334,         0,      0.04,      0.04,      0.00
        53,   2179389,       100,         0,     10068,         0,      0.04,      0.04,      0.00
        54,   2184386,       100,         0,      5071,         0,      0.04,      0.04,      0.00
        55,   2181736,       100,         0,      7720,         0,      0.04,      0.04,      0.00
        56,   2189357,       100,         0,      2471,         0,      0.04,      0.04,      0.00
        57,   2185883,       100,         0,      3574,         0,      0.04,      0.04,      0.00
        58,   2186212,       100,         0,      3245,         0,      0.04,      0.04,      0.00
        59,   2173744,       100,         0,     15713,         0,      0.04,      0.04,      0.00
        60,   2184095,       100,         0,      5362,         0,      0.04,      0.04,      0.00
        61,   2178227,       100,         0,     11230,         0,      0.04,      0.04,      0.00
        62,   2180088,       100,         0,      9369,         0,      0.04,      0.04,      0.00
        63,   2144341,       100,         0,     45116,         0,      0.05,      0.04,      0.00
        64,   1975612,       100,         0,    213845,         0,      0.06,      0.06,      0.00
        65,   1470208,       100,         0,    719249,         0,      0.11,      0.11,      0.00
        66,   2189357,       100,         0,     14984,         0,      0.05,      0.04,      0.00
        67,   2189357,       100,         0,      1285,         0,      0.04,      0.04,      0.00
        68,   2189357,       100,         0,     34247,         0,      0.05,      0.04,      0.00
        69,   2186255,       100,         0,      3202,         0,      0.04,      0.04,      0.00
        70,   2189355,        99,         3,     24773,         0,      0.08,      0.03,      0.00
        71,   2164752,       100,         0,     24705,         0,      0.04,      0.04,      0.00
        72,   2179742,       100,         0,      9715,         0,      0.04,      0.04,      0.00
        73,   2159471,       100,         0,     29986,         0,      0.04,      0.04,      0.00
        74,   2172127,       100,         0,     17330,         0,      0.04,      0.04,      0.00
        75,   1643251,       100,         0,    546206,         0,      0.10,      0.09,      0.00
        76,   2189357,       100,         0,      5014,         0,      0.04,      0.04,      0.00
        77,   2189357,       100,         0,       824,         0,      0.04,      0.04,      0.00
        78,   2175454,       100,         0,     14003,         0,      0.04,      0.04,      0.00
        79,   2177393,       100,         0,     12062,         0,      0.04,      0.04,      0.00
        80,   2183973,       100,         0,      5484,         0,      0.04,      0.04,      0.00
        81,   1985525,       100,         0,    203932,         0,      0.06,      0.06,      0.00
        82,   2189357,       100,         0,     21666,         0,      0.05,      0.04,      0.00
        83,   2189357,       100,         0,      1483,         0,      0.04,      0.04,      0.00
        84,   2189357,       100,         0,     18038,         0,      0.04,      0.04,      0.00
        85,   1533600,       100,         0,    655857,         0,      0.16,      0.16,      0.00
        86,   2181024,       100,         0,      8433,         0,      0.04,      0.04,      0.00
        87,   2185789,       100,         0,      3668,         0,      0.04,      0.04,      0.00
        88,   2187913,       100,         0,      1544,         0,      0.04,      0.04,      0.00
        89,   2189357,       100,         0,      2596,         0,      0.04,      0.04,      0.00
        90,   2189357,       100,         0,     17694,         0,      0.04,      0.04,      0.00
        91,   1929686,       100,         0,    259771,         0,      0.06,      0.06,      0.00
        92,   2151323,       100,         0,     38134,         0,      0.05,      0.04,      0.00
        93,   2096811,       100,         0,     92646,         0,      0.05,      0.05,      0.00
        94,   2152587,       100,         0,     36870,         0,      0.04,      0.04,      0.00
        95,   2185626,       100,         0,      3831,         0,      0.04,      0.04,      0.00
        96,   2187250,       100,         0,      2204,         0,      0.04,      0.04,      0.00
        97,   2189357,       100,         0,     11824,         0,      0.04,      0.04,      0.00
        98,   1349006,       100,         0,    840451,         0,      0.12,      0.11,      0.00
        99,   2189357,       100,         0,     60085,         0,      0.05,      0.04,      0.00
       100,   2189356,        99,         2,      8774,         0,      0.07,      0.04,      0.00
       101,   2186983,       100,         0,      2474,         0,      0.04,      0.04,      0.00
       102,   2189355,        99,         3,     23093,         0,      0.07,      0.04,      0.00
       103,   2155838,       100,         0,     33619,         0,      0.05,      0.04,      0.00
       104,   2170526,       100,         0,     18931,         0,      0.04,      0.04,      0.00
       105,   2163737,       100,         0,     25720,         0,      0.05,      0.04,      0.00
       106,   2182482,       100,         0,      6974,         0,      0.04,      0.04,      0.00
       107,   2183066,       100,         0,      6391,         0,      0.04,      0.04,      0.00
       108,   2181442,       100,         0,      8015,         0,      0.04,      0.04,      0.00
       109,   2189357,       100,         0,    556282,         0,      0.13,      0.13,      0.00
       110,   2163759,       100,         0,     25698,         0,      0.04,      0.04,      0.00
       111,   2183258,       100,         0,      6199,         0,      0.04,      0.04,      0.00
       112,   2189357,       100,         0,      3474,         0,      0.04,      0.04,      0.00
       113,   2165939,       100,         0,     23518,         0,      0.04,      0.04,      0.00
       114,   2182250,       100,         0,      7207,         0,      0.04,      0.04,      0.00
       115,   2184112,       100,         0,      5345,         0,      0.04,      0.04,      0.00
       116,   2140737,       100,         0,     48720,         0,      0.05,      0.04,      0.00
       117,   2172914,       100,         0,     16543,         0,      0.04,      0.04,      0.00
       118,   2186217,       100,         0,      3240,         0,      0.04,      0.04,      0.00
       119,   2189357,       100,         0,      3851,         0,      0.04,      0.04,      0.00
       120,   2189357,       100,         0,      6968,         0,      0.04,      0.04,      0.00
       121,   2182521,       100,         0,      6936,         0,      0.04,      0.04,      0.00
       122,   2176630,       100,         0,     12827,         0,      0.04,      0.04,      0.00
       123,   1673879,       100,         0,    515578,         0,      0.12,      0.12,      0.00
       124,   2189357,       100,         0,      2663,         0,      0.06,      0.04,      0.00
       125,   2182290,       100,         0,      7167,         0,      0.04,      0.04,      0.00
       126,   2189356,        99,         2,     14514,         0,      0.07,      0.04,      0.00
       127,   2189357,       100,         0,      7163,         0,      0.04,      0.04,      0.00
       128,   2180456,       100,         0,      9001,         0,      0.04,      0.04,      0.00
       129,   2189357,       100,         0,     34049,         0,      0.05,      0.04,      0.00
       130,   2186104,       100,         0,      3353,         0,      0.04,      0.04,      0.00
       131,   2189357,       100,         0,      7706,         0,      0.04,      0.04,      0.00
       132,   2185952,       100,         0,      3504,         0,      0.04,      0.04,      0.00
       133,   2143887,       100,         0,     45570,         0,      0.05,      0.05,      0.00
       134,   2189357,       100,         0,      7245,         0,      0.04,      0.04,      0.00
       135,   2183017,       100,         0,      6440,         0,      0.04,      0.04,      0.00
       136,   2189352,        98,         7,     20111,         0,      0.07,      0.04,      0.00
       137,   2184427,       100,         0,      5030,         0,      0.04,      0.04,      0.00
       138,   2180645,       100,         0,      8812,         0,      0.04,      0.04,      0.00
       139,   2189357,       100,         0,      5241,         0,      0.04,      0.04,      0.00
       140,   2167441,       100,         0,     22016,         0,      0.04,      0.04,      0.00
       141,   2183693,       100,         0,      5764,         0,      0.04,      0.04,      0.00
       142,   2176803,       100,         0,     12654,         0,      0.04,      0.04,      0.00
       143,   2187605,       100,         0,      1852,         0,      0.04,      0.04,      0.00
       144,   2189357,       100,         0,      4030,         0,      0.04,      0.04,      0.00
       145,   2189357,       100,         0,      5743,         0,      0.04,      0.04,      0.00
       146,   2187771,       100,         0,      1686,         0,      0.04,      0.04,      0.00
       147,   2142109,       100,         0,     47348,         0,      0.05,      0.05,      0.00
       148,   2183468,       100,         0,      5989,         0,      0.04,      0.04,      0.00
       149,   2166565,       100,         0,     22892,         0,      0.04,      0.04,      0.00
       150,   2187359,       100,         0,      2098,         0,      0.04,      0.04,      0.00
       151,   2185096,       100,         0,      4361,         0,      0.04,      0.04,      0.00
       152,   2185423,       100,         0,      4034,         0,      0.04,      0.04,      0.00
       153,   2189357,       100,         0,      4844,         0,      0.04,      0.04,      0.00
       154,   2172896,       100,         0,     16561,         0,      0.04,      0.04,      0.00
       155,   2160336,       100,         0,     29121,         0,      0.04,      0.04,      0.00
       156,   2177115,       100,         0,     12342,         0,      0.04,      0.04,      0.00
       157,   2189357,       100,         0,      4704,         0,      0.04,      0.04,      0.00
       158,   2189357,       100,         0,      1161,         0,      0.04,      0.04,      0.00
       159,   2158994,       100,         0,     30463,         0,      0.05,      0.04,      0.00
       160,   2176828,       100,         0,     12629,         0,      0.05,      0.04,      0.00
       161,   2178645,       100,         0,     10812,         0,      0.04,      0.04,      0.00
       162,   1671928,       100,         0,    517529,         0,      0.18,      0.18,      0.00
       163,   2189357,       100,         0,     40834,         0,      0.05,      0.05,      0.00
       164,   2184335,       100,         0,      5122,         0,      0.04,      0.04,      0.00
       165,   2046219,       100,         0,    143238,         0,      0.07,      0.07,      0.00
       166,   2166772,       100,         0,     22685,         0,      0.04,      0.04,      0.00
       167,   2189357,       100,         0,      3068,         0,      0.04,      0.04,      0.00
       168,   2189357,       100,         0,    655733,         0,      0.23,      0.23,      0.00
       169,   2162484,       100,         0,     26973,         0,      0.05,      0.04,      0.00
       170,   2153768,       100,         0,     35689,         0,      0.05,      0.05,      0.00
       171,   2189357,       100,         0,      1485,         0,      0.04,      0.04,      0.00
       172,   2128102,       100,         0,     61355,         0,      0.05,      0.05,      0.00
       173,   2189357,       100,         0,      1958,         0,      0.04,      0.04,      0.00
       174,   2184901,       100,         0,      4556,         0,      0.04,      0.04,      0.00
       175,   2186846,       100,         0,      2611,         0,      0.04,      0.04,      0.00
       176,   1678034,       100,         0,    511423,         0,      0.16,      0.15,      0.00
       177,   2181739,       100,         0,      7718,         0,      0.06,      0.04,      0.00
       178,   2164268,       100,         0,     25189,         0,      0.04,      0.04,      0.00
       179,   2189357,       100,         0,      4453,         0,      0.04,      0.04,      0.00
       180,   2179596,       100,         0,      9861,         0,      0.04,      0.04,      0.00
       181,   1951166,       100,         0,    238291,         0,      0.11,      0.11,      0.00
       182,   2189356,        98,         3,    409003,         0,      0.17,      0.15,      0.00
       183,   2187209,       100,         0,      2248,         0,      0.04,      0.04,      0.00
       184,   2185953,       100,         0,      3504,         0,      0.05,      0.04,      0.00
       185,   2162470,       100,         0,     26984,         0,      0.05,      0.04,      0.00
       186,   2160339,       100,         0,     29118,         0,      0.05,      0.04,      0.00
       187,   2167767,       100,         0,     21690,         0,      0.05,      0.04,      0.00
       188,   2185845,       100,         0,      3612,         0,      0.04,      0.04,      0.00
       189,         0,        87,   2189370, 615952122,         0,   1023.03,      1.01,      0.00
       190,   2189356,        98,         3,     34049,         0,      0.29,      0.24,      0.00
       191,   2176441,       100,         0,     13016,         0,      0.05,      0.05,      0.00
       192,   2179320,       100,         0,     10136,         0,      0.05,      0.04,      0.00
       193,   2139369,       100,         0,     50088,         0,      0.07,      0.07,      0.00
       194,   2179240,       100,         0,     10217,         0,      0.05,      0.04,      0.00
       195,   2171012,       100,         0,     18445,         0,      0.05,      0.05,      0.00
       196,   2181022,       100,         0,      8435,         0,      0.05,      0.04,      0.00
       197,   2179584,       100,         0,      9873,         0,      0.05,      0.04,      0.00
       198,   2189357,       100,         0,      7123,         0,      0.04,      0.04,      0.00
       199,   2189357,       100,         0,      5313,         0,      0.04,      0.04,      0.00
       200,   2169374,       100,         0,     20083,         0,      0.06,      0.05,      0.00
       201,   2187359,       100,         0,      2098,         0,      0.04,      0.04,      0.00
       202,   2189357,       100,         0,      1124,         0,      0.04,      0.04,      0.00
       203,   2189357,       100,         0,      3064,         0,      0.04,      0.04,      0.00
       204,   2189357,       100,         0,      3799,         0,      0.04,      0.04,      0.00
       205,   2183971,       100,         0,      5486,         0,      0.04,      0.04,      0.00
       206,   2189356,        99,         2,     20253,         0,      0.08,      0.05,      0.00
       207,   2160746,       100,         0,     28711,         0,      0.06,      0.05,      0.00
       208,   2173396,       100,         0,     16061,         0,      0.05,      0.05,      0.00
       209,   2189357,       100,         0,    133343,         0,      0.10,      0.10,      0.00
       210,   2181969,       100,         0,      7488,         0,      0.04,      0.04,      0.00
       211,   2189356,        99,         2,     30362,         0,      0.08,      0.05,      0.00
       212,   2059322,       100,         0,    130135,         0,      0.10,      0.10,      0.00
       213,   2189356,        99,         2,     23897,         0,      0.07,      0.04,      0.00
       214,   2184590,       100,         0,      4867,         0,      0.04,      0.04,      0.00
       215,   2183479,       100,         0,      5978,         0,      0.04,      0.04,      0.00
       216,   2156589,       100,         0,     32868,         0,      0.05,      0.05,      0.00
       217,   2183112,       100,         0,      6345,         0,      0.04,      0.04,      0.00
       218,   2189357,       100,         0,      1195,         0,      0.04,      0.04,      0.00
       219,   1894210,       100,         0,    295247,         0,      0.21,      0.21,      0.00
       220,   2189357,       100,         0,       878,         0,      0.04,      0.04,      0.00
       221,   2189356,        99,         2,    879173,         0,      0.53,      0.49,      0.00
       222,   2189357,       100,         0,      2430,         0,      0.04,      0.04,      0.00
       223,   2175376,       100,         0,     14080,         0,      0.04,      0.04,      0.00
       224,   2179129,       100,         0,     10328,         0,      0.04,      0.04,      0.00
       225,   2189357,       100,         0,      5137,         0,      0.04,      0.04,      0.00
       226,   2166551,       100,         0,     22906,         0,      0.05,      0.04,      0.00
       227,   2182411,       100,         0,      7046,         0,      0.04,      0.04,      0.00
       228,   2149276,       100,         0,     40181,         0,      0.05,      0.05,      0.00
       229,   2183471,       100,         0,      5986,         0,      0.04,      0.04,      0.00
       230,   2189355,        97,         5,    703455,         0,      0.43,      0.39,      0.00
       231,   2170715,       100,         0,     18742,         0,      0.05,      0.05,      0.00
       232,   2174107,       100,         0,     15350,         0,      0.05,      0.04,      0.00
       233,   2173031,       100,         0,     16424,         0,      0.05,      0.04,      0.00
       234,   2163771,       100,         0,     25686,         0,      0.05,      0.04,      0.00
       235,   2171778,       100,         0,     17677,         0,      0.05,      0.04,      0.00
       236,   2189357,       100,         0,      1430,         0,      0.04,      0.04,      0.00
       237,   2189357,       100,         0,      3280,         0,      0.04,      0.04,      0.00
       238,   2089343,       100,         0,    100114,         0,      0.08,      0.07,      0.00
       239,   2180578,       100,         0,      8878,         0,      0.04,      0.04,      0.00
       240,   2154772,       100,         0,     34685,         0,      0.05,      0.05,      0.00
       241,   2159199,       100,         0,     30258,         0,      0.05,      0.04,      0.00
       242,   2189356,        99,         2,     20335,         0,      0.07,      0.04,      0.00
       243,   2189357,       100,         0,     11787,         0,      0.04,      0.04,      0.00
       244,   1926191,       100,         0,    263266,         0,      0.13,      0.13,      0.00
       245,   2183935,       100,         0,      5522,         0,      0.04,      0.04,      0.00
       246,   2189351,        99,         7,    871172,         0,      0.29,      0.26,      0.00
       247,   1975444,       100,         0,    214013,         0,      0.11,      0.11,      0.00
       248,   2185565,       100,         0,      3892,         0,      0.04,      0.04,      0.00
       249,   2126292,       100,         0,     63165,         0,      0.05,      0.04,      0.00
       250,   2187032,       100,         0,      2425,         0,      0.04,      0.04,      0.00
       251,   2172548,       100,         0,     16909,         0,      0.04,      0.04,      0.00
       252,   2141441,       100,         0,     48016,         0,      0.05,      0.05,      0.00
       253,   2189357,       100,         0,      7067,         0,      0.04,      0.04,      0.00
       254,   2188748,       100,         0,       707,         0,      0.04,      0.03,      0.00
       255,   2189352,        98,         7,    440844,         0,      0.23,      0.16,      0.00
       256,   2189357,       100,         0,      3705,         0,      0.04,      0.04,      0.00
       257,   2133859,       100,         0,     55598,         0,      0.05,      0.04,      0.00
       258,   2189357,       100,         0,   2189457,         0,      0.87,      0.86,      0.00
       259,   2189335,        93,        29,    784193,         0,      0.22,      0.12,      0.00
       260,   2189356,        99,         2,      7826,         0,      0.07,      0.04,      0.00
       261,   2189357,       100,         0,    122040,         0,      0.05,      0.05,      0.00
       262,   1181360,       100,         0,   1008097,         0,      0.20,      0.20,      0.00
       263,   2184736,       100,         0,      4721,         0,      0.04,      0.04,      0.00
       264,   2186219,       100,         0,      3238,         0,      0.04,      0.04,      0.00
       265,   2186032,       100,         0,      3425,         0,      0.04,      0.04,      0.00
       266,   2189357,       100,         0,   2189457,         0,      0.13,      0.13,      0.00
       267,   2186582,       100,         0,      2875,         0,      0.04,      0.04,      0.00
       268,   2189357,       100,         0,    267668,         0,      0.06,      0.06,      0.00
       269,   2149950,       100,         0,     39507,         0,      0.04,      0.04,      0.00
       270,   1959597,       100,         0,    229860,         0,      0.10,      0.09,      0.00
       271,   2187001,       100,         0,      2456,         0,      0.04,      0.04,      0.00
       272,   2189355,        99,         3,     32710,         0,      0.11,      0.04,      0.00
       273,   1457700,       100,         0,    731757,         0,      0.10,      0.09,      0.00
       274,   2189357,       100,         0,      2455,         0,      0.04,      0.04,      0.00
       275,   2189356,        99,         2,    247200,         0,      0.11,      0.05,      0.00
       276,   2189356,        99,         2,     31737,         0,      0.08,      0.04,      0.00
       277,   2189357,       100,         0,      4559,         0,      0.04,      0.04,      0.00
       278,   2085283,       100,         0,    104174,         0,      0.05,      0.04,      0.00
       279,   2189357,       100,         0,      3992,         0,      0.04,      0.04,      0.00
       280,   1758700,       100,         0,    430757,         0,      0.07,      0.07,      0.00
       281,   2182813,       100,         0,      6644,         0,      0.04,      0.04,      0.00
       282,   2178416,       100,         0,     11041,         0,      0.04,      0.04,      0.00
       283,   2185719,       100,         0,      3738,         0,      0.04,      0.04,      0.00
       284,   2183876,       100,         0,      5581,         0,      0.04,      0.04,      0.00
       285,   2186095,       100,         0,      3362,         0,      0.04,      0.04,      0.00
       286,   2166167,       100,         0,     23290,         0,      0.04,      0.04,      0.00
       287,   2168343,       100,         0,     21114,         0,      0.04,      0.04,      0.00
       288,   2058979,       100,         0,    130478,         0,      0.06,      0.06,      0.00
       289,   2189357,       100,         0,   2189457,         0,      0.13,      0.13,      0.00
       290,   2189357,       100,         0,      7907,         0,      0.04,      0.04,      0.00
       291,   2141367,       100,         0,     48090,         0,      0.04,      0.04,      0.00
       292,   2189356,        99,         2,     13953,         0,      0.07,      0.04,      0.00
       293,   2189357,       100,         0,      2365,         0,      0.04,      0.04,      0.00
       294,   1889792,       100,         0,    299665,         0,      0.08,      0.08,      0.00
       295,   1711073,       100,         0,    478381,         0,      0.13,      0.12,      0.00
       296,   2189357,       100,         0,      2110,         0,      0.04,      0.04,      0.00
       297,   2189357,       100,         0,    111104,         0,      0.05,      0.05,      0.00
       298,   2168538,       100,         0,     20919,         0,      0.04,      0.04,      0.00
       299,   2178965,       100,         0,     10492,         0,      0.04,      0.04,      0.00
       300,   2189356,        99,         2,     15808,         0,      0.07,      0.04,      0.00
       301,   2189357,       100,         0,      5291,         0,      0.04,      0.04,      0.00
       302,   2189357,       100,         0,      3645,         0,      0.04,      0.04,      0.00
       303,   2187613,       100,         0,      1844,         0,      0.04,      0.04,      0.00
       304,   2187039,       100,         0,      2418,         0,      0.04,      0.03,      0.00
       305,   2182420,       100,         0,      7037,         0,      0.04,      0.04,      0.00
       306,   2189357,       100,         0,     21356,         0,      0.04,      0.04,      0.00
       307,   2157172,       100,         0,     32285,         0,      0.04,      0.04,      0.00
       308,   2179765,       100,         0,      9692,         0,      0.04,      0.04,      0.00
       309,   2164252,       100,         0,     25205,         0,      0.04,      0.04,      0.00
       310,   2181688,       100,         0,      7769,         0,      0.04,      0.04,      0.00
       311,   2189357,       100,         0,      1333,         0,      0.04,      0.03,      0.00
       312,   2176781,       100,         0,     12676,         0,      0.04,      0.04,      0.00
       313,   2074196,       100,         0,    115261,         0,      0.05,      0.05,      0.00
       314,   2189357,       100,         0,       997,         0,      0.04,      0.04,      0.00
       315,   2169722,       100,         0,     19735,         0,      0.04,      0.04,      0.00
       316,   2162721,       100,         0,     26736,         0,      0.04,      0.04,      0.00
       317,   2061368,       100,         0,    128089,         0,      0.05,      0.05,      0.00
       318,   2167302,       100,         0,     22155,         0,      0.04,      0.04,      0.00
       319,   2189357,       100,         0,      3178,         0,      0.04,      0.04,      0.00
       320,   2114514,       100,         0,     74943,         0,      0.05,      0.04,      0.00
       321,   2144748,       100,         0,     44709,         0,      0.04,      0.04,      0.00
       322,   2141609,       100,         0,     47847,         0,      0.04,      0.04,      0.00
       323,   2189357,       100,         0,      1536,         0,      0.04,      0.04,      0.00
       324,   2110659,       100,         0,     78798,         0,      0.05,      0.04,      0.00
       325,   2138869,       100,         0,     50588,         0,      0.04,      0.04,      0.00
       326,   2187745,       100,         0,      1712,         0,      0.04,      0.04,      0.00
       327,   2189357,       100,         0,      2263,         0,      0.04,      0.04,      0.00
       328,   2147645,       100,         0,     41811,         0,      0.04,      0.04,      0.00
       329,   2184284,       100,         0,      5173,         0,      0.04,      0.04,      0.00
       330,   2123676,       100,         0,     65781,         0,      0.05,      0.04,      0.00
       331,   2186400,       100,         0,      3057,         0,      0.04,      0.04,      0.00
       332,   2168066,       100,         0,     21390,         0,      0.04,      0.04,      0.00
       333,   2189357,       100,         0,      9594,         0,      0.04,      0.04,      0.00
       334,   2173783,       100,         0,     15674,         0,      0.04,      0.04,      0.00
       335,   2189357,       100,         0,      1200,         0,      0.04,      0.04,      0.00
       336,   2188121,       100,         0,      1336,         0,      0.04,      0.04,      0.00
       337,   2133304,       100,         0,     56153,         0,      0.05,      0.04,      0.00
       338,   2184478,       100,         0,      4979,         0,      0.04,      0.04,      0.00
       339,   2176088,       100,         0,     13369,         0,      0.04,      0.04,      0.00
       340,   2189357,       100,         0,      2874,         0,      0.04,      0.04,      0.00
       341,   2189357,       100,         0,      2018,         0,      0.04,      0.04,      0.00
       342,   2189357,       100,         0,     19130,         0,      0.04,      0.04,      0.00
       343,   1703362,       100,         0,    486095,         0,      0.09,      0.09,      0.00
       344,   2184149,       100,         0,      5307,         0,      0.04,      0.04,      0.00
       345,   1483571,       100,         0,    705886,         0,      0.10,      0.09,      0.00
       346,   2189357,       100,         0,      3529,         0,      0.04,      0.04,      0.00
       347,   2188516,       100,         0,       941,         0,      0.04,      0.04,      0.00
       348,   2189356,        99,         2,     13572,         0,      0.07,      0.04,      0.00
       349,   2189355,        98,         4,     48691,         0,      0.08,      0.04,      0.00
       350,   2177965,       100,         0,     11492,         0,      0.04,      0.04,      0.00
       351,   2133702,       100,         0,     55755,         0,      0.05,      0.04,      0.00
       352,   1585991,       100,         0,    603466,         0,      0.08,      0.08,      0.00
       353,   2185817,       100,         0,      3640,         0,      0.04,      0.04,      0.00
       354,   1743114,       100,         0,    446343,         0,      0.08,      0.07,      0.00
       355,   1545370,       100,         0,    644087,         0,      0.10,      0.09,      0.00
       356,   2152082,       100,         0,     37375,         0,      0.04,      0.04,      0.00
       357,   2181436,       100,         0,      8021,         0,      0.04,      0.04,      0.00
       358,   2151601,       100,         0,     37856,         0,      0.04,      0.04,      0.00
       359,   2175950,       100,         0,     13507,         0,      0.04,      0.04,      0.00
       360,   2176483,       100,         0,     12974,         0,      0.04,      0.04,      0.00
       361,   2189357,       100,         0,     56430,         0,      0.05,      0.04,      0.00
       362,   2186424,       100,         0,      3033,         0,      0.04,      0.04,      0.00
       363,   2139862,       100,         0,     49592,         0,      0.04,      0.04,      0.00
       364,   2186539,       100,         0,      2918,         0,      0.04,      0.04,      0.00
       365,   2148296,       100,         0,     41161,         0,      0.04,      0.04,      0.00
       366,   2184847,       100,         0,      4610,         0,      0.04,      0.04,      0.00
       367,   2142884,       100,         0,     46573,         0,      0.04,      0.04,      0.00
       368,   1831465,       100,         0,    357992,         0,      0.07,      0.06,      0.00
       369,   2062121,       100,         0,    127325,         0,      0.05,      0.05,      0.00
       370,   2185665,       100,         0,      3792,         0,      0.04,      0.04,      0.00
       371,   2185262,       100,         0,      4195,         0,      0.04,      0.04,      0.00
       372,   2189357,       100,         0,      3732,         0,      0.04,      0.04,      0.00
       373,   2180462,       100,         0,      8995,         0,      0.04,      0.04,      0.00
       374,   1919674,       100,         0,    269783,         0,      0.06,      0.06,      0.00
       375,   2179591,       100,         0,      9866,         0,      0.04,      0.04,      0.00
       376,   2184977,       100,         0,      4480,         0,      0.04,      0.04,      0.00
       377,   2175072,       100,         0,     14385,         0,      0.04,      0.04,      0.00
       378,   2189357,       100,         0,      1801,         0,      0.04,      0.04,      0.00
       379,   2189357,       100,         0,      3875,         0,      0.04,      0.04,      0.00
       380,   2189357,       100,         0,      5238,         0,      0.04,      0.04,      0.00
       381,   2184159,       100,         0,      5298,         0,      0.04,      0.04,      0.00
       382,   2164683,       100,         0,     24774,         0,      0.04,      0.04,      0.00
       383,   2189357,       100,         0,      2702,         0,      0.04,      0.04,      0.00
       384,   2186956,       100,         0,      2501,         0,      0.04,      0.04,      0.00
       385,   2116194,       100,         0,     73262,         0,      0.04,      0.04,      0.00
       386,   2178983,       100,         0,     10474,         0,      0.05,      0.05,      0.00
       387,   2187577,       100,         0,      1880,         0,      0.04,      0.04,      0.00
       388,   2145757,       100,         0,     43700,         0,      0.04,      0.04,      0.00
       389,   2169133,       100,         0,     20324,         0,      0.04,      0.04,      0.00
       390,   2171309,       100,         0,     18148,         0,      0.04,      0.04,      0.00
       391,   2189356,        99,         2,    130047,         0,      0.10,      0.04,      0.00
       392,   2187670,       100,         0,      1787,         0,      0.04,      0.04,      0.00
       393,   1839283,       100,         0,    350174,         0,      0.07,      0.07,      0.00
       394,   2187305,       100,         0,      2152,         0,      0.04,      0.04,      0.00
       395,   2173896,       100,         0,     15561,         0,      0.04,      0.04,      0.00
       396,   2189357,       100,         0,      5703,         0,      0.04,      0.04,      0.00
       397,   2122151,       100,         0,     67306,         0,      0.05,      0.04,      0.00
       398,   2182748,       100,         0,      6709,         0,      0.04,      0.04,      0.00
       399,   1554161,       100,         0,    635296,         0,      0.09,      0.08,      0.00
       400,   2176665,       100,         0,     12792,         0,      0.04,      0.04,      0.00
       401,   2151597,       100,         0,     37860,         0,      0.04,      0.04,      0.00
       402,   2185611,       100,         0,      3846,         0,      0.04,      0.04,      0.00
       403,   2167025,       100,         0,     22432,         0,      0.04,      0.04,      0.00
       404,   2135119,       100,         0,     54338,         0,      0.04,      0.04,      0.00
       405,   2020041,       100,         0,    169416,         0,      0.05,      0.05,      0.00
       406,   2189356,        99,         2,     11223,         0,      0.08,      0.03,      0.00
       407,   2168936,       100,         0,     20521,         0,      0.04,      0.04,      0.00
       408,   2189356,        99,         2,     12817,         0,      0.07,      0.04,      0.00
       409,   2189356,        98,         3,   1188117,         0,      0.16,      0.11,      0.00
       410,   2189357,       100,         0,    179826,         0,      0.06,      0.05,      0.00
       411,   2185524,       100,         0,      3933,         0,      0.04,      0.04,      0.00
       412,   2189357,       100,         0,      2088,         0,      0.04,      0.04,      0.00
       413,   2189357,       100,         0,      9158,         0,      0.04,      0.04,      0.00
       414,   2172242,       100,         0,     17215,         0,      0.04,      0.04,      0.00
       415,   2181449,       100,         0,      8008,         0,      0.04,      0.04,      0.00
       416,   2121494,       100,         0,     67963,         0,      0.05,      0.04,      0.00
       417,   2185608,       100,         0,      3849,         0,      0.04,      0.04,      0.00
       418,   2164367,       100,         0,     25090,         0,      0.04,      0.04,      0.00
       419,   2189357,       100,         0,      2572,         0,      0.04,      0.04,      0.00
       420,   2189357,       100,         0,      7309,         0,      0.04,      0.04,      0.00
       421,   2172911,       100,         0,     16546,         0,      0.04,      0.04,      0.00
       422,   2185399,       100,         0,      4058,         0,      0.04,      0.04,      0.00
       423,   2098238,       100,         0,     91219,         0,      0.05,      0.04,      0.00
       424,   2098887,       100,         0,     90569,         0,      0.05,      0.04,      0.00
       425,   2186615,       100,         0,      2842,         0,      0.04,      0.04,      0.00
       426,   2150046,       100,         0,     39411,         0,      0.04,      0.04,      0.00
       427,   2179879,       100,         0,      9578,         0,      0.04,      0.04,      0.00
       428,   2138254,       100,         0,     51203,         0,      0.04,      0.04,      0.00
       429,   2145801,       100,         0,     43656,         0,      0.04,      0.04,      0.00
       430,   1775843,       100,         0,    413614,         0,      0.07,      0.07,      0.00
       431,   1760746,       100,         0,    428711,         0,      0.07,      0.07,      0.00
       432,   2182783,       100,         0,      6674,         0,      0.04,      0.04,      0.00
       433,   2177956,       100,         0,     11501,         0,      0.04,      0.04,      0.00
       434,   1889656,       100,         0,    299801,         0,      0.06,      0.06,      0.00
       435,   2131857,       100,         0,     57600,         0,      0.04,      0.04,      0.00
       436,   2183685,       100,         0,      5772,         0,      0.04,      0.04,      0.00
       437,   2178543,       100,         0,     10914,         0,      0.04,      0.04,      0.00
       438,   2189357,       100,         0,    634833,         0,      0.09,      0.08,      0.00
       439,   2084342,       100,         0,    105115,         0,      0.05,      0.05,      0.00
       440,   2174185,       100,         0,     15272,         0,      0.04,      0.04,      0.00
       441,   2153697,       100,         0,     35760,         0,      0.04,      0.04,      0.00
       442,   2152413,       100,         0,     37044,         0,      0.04,      0.04,      0.00
       443,   2189357,       100,         0,      6250,         0,      0.04,      0.04,      0.00
       444,   2126532,       100,         0,     62925,         0,      0.05,      0.04,      0.00
       445,   2189357,       100,         0,     11151,         0,      0.04,      0.04,      0.00
       446,   2189357,       100,         0,      1211,         0,      0.04,      0.04,      0.00
       447,   2189357,       100,         0,      8334,         0,      0.04,      0.04,      0.00
       448,   2189357,       100,         0,   2189457,         0,      0.13,      0.13,      0.00
       449,   2183212,       100,         0,      6245,         0,      0.04,      0.04,      0.00
       450,   1874887,       100,         0,    314570,         0,      0.07,      0.06,      0.00
       451,   2179452,       100,         0,     10005,         0,      0.04,      0.04,      0.00
       452,   2166963,       100,         0,     22494,         0,      0.04,      0.04,      0.00
       453,   2189357,       100,         0,      4281,         0,      0.04,      0.04,      0.00
       454,   2155280,       100,         0,     34177,         0,      0.04,      0.04,      0.00
       455,   2143686,       100,         0,     45771,         0,      0.04,      0.04,      0.00
       456,   2182987,       100,         0,      6470,         0,      0.04,      0.04,      0.00
       457,   2186022,       100,         0,      3435,         0,      0.04,      0.04,      0.00
       458,   2182036,       100,         0,      7421,         0,      0.04,      0.04,      0.00
       459,   2169745,       100,         0,     19712,         0,      0.04,      0.04,      0.00
       460,   2052426,       100,         0,    137031,         0,      0.05,      0.05,      0.00
       461,   2189357,       100,         0,     12378,         0,      0.04,      0.04,      0.00
       462,   2152775,       100,         0,     36682,         0,      0.04,      0.04,      0.00
       463,   2186106,       100,         0,      3351,         0,      0.04,      0.04,      0.00
       464,   2076098,       100,         0,    113359,         0,      0.05,      0.05,      0.00
       465,   2189357,       100,         0,     21451,         0,      0.05,      0.05,      0.00
       466,   2189357,       100,         0,      4150,         0,      0.04,      0.04,      0.00
       467,   2178532,       100,         0,     10925,         0,      0.04,      0.04,      0.00
       468,   2185709,       100,         0,      3748,         0,      0.04,      0.04,      0.00
       469,   2184037,       100,         0,      5420,         0,      0.04,      0.04,      0.00
       470,   2096683,       100,         0,     92774,         0,      0.05,      0.05,      0.00
       471,   1592141,       100,         0,    597316,         0,      0.09,      0.08,      0.00
       472,   2174546,       100,         0,     14911,         0,      0.04,      0.04,      0.00
       473,   2189357,       100,         0,      7481,         0,      0.04,      0.04,      0.00
       474,   2189357,       100,         0,     16205,         0,      0.04,      0.04,      0.00
       475,   2171637,       100,         0,     17820,         0,      0.04,      0.04,      0.00
       476,   2168394,       100,         0,     21063,         0,      0.04,      0.04,      0.00
       477,   2180693,       100,         0,      8764,         0,      0.04,      0.04,      0.00
       478,   2189354,        99,         4,     18931,         0,      0.18,      0.03,      0.00
       479,   2189357,       100,         0,      4030,         0,      0.04,      0.04,      0.00
       480,   2189357,       100,         0,      2114,         0,      0.04,      0.04,      0.00
       481,   2147309,       100,         0,     42148,         0,      0.04,      0.04,      0.00
       482,   2189357,       100,         0,    284735,         0,      0.06,      0.06,      0.00
       483,         0,       100,         0,         0,         0,      0.16,      0.16,      0.00
       484,   2176508,       100,         0,     12949,         0,      0.04,      0.04,      0.00
       485,   2104679,       100,         0,     84778,         0,      0.05,      0.04,      0.00
       486,   2062016,       100,         0,    127393,         0,      0.05,      0.05,      0.00
       487,   1977578,       100,         0,    211879,         0,      0.05,      0.05,      0.00
       488,   2180374,       100,         0,      9083,         0,      0.04,      0.04,      0.00
       489,   2189356,        99,         2,      9341,         0,      0.07,      0.04,      0.00
       490,   1812373,       100,         0,    377084,         0,      0.07,      0.07,      0.00
       491,   2189357,       100,         0,      2105,         0,      0.04,      0.03,      0.00
       492,   2189357,       100,         0,      2906,         0,      0.04,      0.04,      0.00
       493,   2189356,        99,         2,      3996,         0,      0.07,      0.03,      0.00
       494,   1357271,       100,         0,    832186,         0,      0.10,      0.10,      0.00
       495,   2180197,       100,         0,      9260,         0,      0.04,      0.04,      0.00
       496,   2187767,       100,         0,      1690,         0,      0.04,      0.03,      0.00
       497,   2180683,       100,         0,      8764,         0,      0.04,      0.04,      0.00
       498,   2175860,       100,         0,     13597,         0,      0.04,      0.04,      0.00
       499,   1641621,       100,         0,    547836,         0,      0.08,      0.08,      0.00
       500,   1920146,       100,         0,    269311,         0,      0.06,      0.06,      0.00
       501,   2189271,        98,        88,    604788,         0,      0.46,      0.08,      0.00
       502,   2189357,       100,         0,     46584,         0,      0.04,      0.04,      0.00
       503,   2183369,       100,         0,      6088,         0,      0.04,      0.04,      0.00
       504,   2189357,       100,         0,   2189457,         0,      0.13,      0.13,      0.00
       505,   2159132,       100,         0,     30322,         0,      0.04,      0.04,      0.00
       506,   2180839,       100,         0,      8618,         0,      0.04,      0.04,      0.00
       507,   2189357,       100,         0,    196504,         0,      0.06,      0.05,      0.00
       508,   2181205,       100,         0,      8252,         0,      0.04,      0.04,      0.00
       509,   2180643,       100,         0,      8814,         0,      0.04,      0.04,      0.00
       510,   2189357,       100,         0,      4316,         0,      0.04,      0.04,      0.00
       511,   2161191,       100,         0,     28266,         0,      0.04,      0.04,      0.00
       512,   2163499,       100,         0,     25958,         0,      0.04,      0.04,      0.00
       513,   2169164,       100,         0,     20292,         0,      0.04,      0.04,      0.00
       514,   2176017,       100,         0,     13440,         0,      0.04,      0.04,      0.00
       515,   2189357,       100,         0,     27550,         0,      0.04,      0.04,      0.00
       516,   2177089,       100,         0,     12368,         0,      0.04,      0.04,      0.00
       517,   2176594,       100,         0,     12863,         0,      0.04,      0.04,      0.00
       518,   2189357,       100,         0,     29561,         0,      0.04,      0.04,      0.00
       519,   2131370,       100,         0,     58087,         0,      0.05,      0.04,      0.00
       520,   2183689,       100,         0,      5768,         0,      0.04,      0.04,      0.00
       521,   2187690,       100,         0,      1767,         0,      0.04,      0.03,      0.00
       522,   2189357,       100,         0,     34483,         0,      0.04,      0.04,      0.00
       523,   2087830,       100,         0,    101627,         0,      0.05,      0.05,      0.00
       524,   2187246,       100,         0,      2211,         0,      0.04,      0.04,      0.00
       525,   2086435,       100,         0,    103022,         0,      0.05,      0.05,      0.00
       526,   2189357,       100,         0,      3535,         0,      0.04,      0.03,      0.00
       527,   2189357,       100,         0,     15281,         0,      0.04,      0.04,      0.00
       528,   1579447,       100,         0,    610010,         0,      0.09,      0.08,      0.00
       529,   2189357,       100,         0,      3305,         0,      0.04,      0.04,      0.00
       530,   2186714,       100,         0,      2743,         0,      0.04,      0.04,      0.00
       531,   2189356,        97,         4,     44108,         0,      0.08,      0.03,      0.00
       532,   2189357,       100,         0,      1577,         0,      0.04,      0.03,      0.00
       533,   2160644,       100,         0,     28813,         0,      0.04,      0.04,      0.00
       534,   2189357,       100,         0,     52072,         0,      0.04,      0.04,      0.00
       535,   2189356,        99,         2,     46240,         0,      0.11,      0.04,      0.00
       536,   2183175,       100,         0,      6282,         0,      0.04,      0.04,      0.00
       537,   2167566,       100,         0,     21891,         0,      0.04,      0.04,      0.00
       538,   2189357,       100,         0,      1033,         0,      0.04,      0.03,      0.00
       539,   2189357,       100,         0,     12280,         0,      0.04,      0.04,      0.00
       540,   2189356,        99,         2,     17913,         0,      0.07,      0.04,      0.00
       541,   2189357,       100,         0,      6370,         0,      0.04,      0.04,      0.00
       542,   2189357,       100,         0,      5680,         0,      0.04,      0.04,      0.00
       543,   2136961,       100,         0,     52496,         0,      0.04,      0.04,      0.00
       544,   2142333,       100,         0,     47124,         0,      0.04,      0.04,      0.00
       545,   2182096,       100,         0,      7361,         0,      0.04,      0.04,      0.00
       546,   2189357,       100,         0,      4242,         0,      0.04,      0.04,      0.00
       547,   2164549,       100,         0,     24908,         0,      0.04,      0.04,      0.00
       548,   2171762,       100,         0,     17695,         0,      0.04,      0.04,      0.00
       549,   2189355,        99,         3,      9545,         0,      0.07,      0.03,      0.00
       550,   2180299,       100,         0,      9158,         0,      0.04,      0.04,      0.00
       551,   2186723,       100,         0,      2734,         0,      0.04,      0.04,      0.00
       552,   2189357,       100,         0,      2344,         0,      0.04,      0.03,      0.00
       553,   2184321,       100,         0,      5136,         0,      0.04,      0.04,      0.00
       554,   2189357,       100,         0,    272946,         0,      0.06,      0.06,      0.00
       555,   2189356,        99,         2,     16767,         0,      0.07,      0.03,      0.00
       556,   2189357,       100,         0,      1762,         0,      0.04,      0.03,      0.00
       557,   2176787,       100,         0,     12670,         0,      0.04,      0.04,      0.00
       558,   2189357,       100,         0,      1657,         0,      0.04,      0.03,      0.00
       559,   2162692,       100,         0,     26765,         0,      0.04,      0.04,      0.00
       560,   2189357,       100,         0,      9129,         0,      0.04,      0.04,      0.00
       561,   2187298,       100,         0,      2159,         0,      0.04,      0.04,      0.00
       562,   2145164,       100,         0,     44293,         0,      0.04,      0.04,      0.00
       563,   2179254,       100,         0,     10203,         0,      0.04,      0.04,      0.00
       564,   2160798,       100,         0,     28659,         0,      0.04,      0.04,      0.00
       565,   2187860,       100,         0,      1597,         0,      0.04,      0.04,      0.00
       566,   2055118,       100,         0,    134339,         0,      0.05,      0.05,      0.00
       567,   2183618,       100,         0,      5839,         0,      0.04,      0.04,      0.00
       568,   1964271,       100,         0,    225186,         0,      0.06,      0.05,      0.00
       569,   2189357,       100,         0,     28921,         0,      0.04,      0.04,      0.00
       570,   2189357,       100,         0,      2517,         0,      0.04,      0.03,      0.00
       571,   2189357,       100,         0,     13932,         0,      0.04,      0.04,      0.00
       572,   2189357,       100,         0,      2093,         0,      0.04,      0.04,      0.00
       573,   2189357,       100,         0,      1388,         0,      0.04,      0.03,      0.00
       574,   2179880,       100,         0,      9577,         0,      0.04,      0.04,      0.00
       575,   2172719,       100,         0,     16738,         0,      0.04,      0.04,      0.00
       576,   2189357,       100,         0,      1074,         0,      0.04,      0.03,      0.00
       577,   2189357,       100,         0,      1361,         0,      0.04,      0.03,      0.00
       578,   2189357,       100,         0,     28253,         0,      0.04,      0.04,      0.00
       579,   2156156,       100,         0,     33301,         0,      0.04,      0.04,      0.00
       580,   2175297,       100,         0,     14160,         0,      0.04,      0.04,      0.00
       581,   2120774,       100,         0,     68683,         0,      0.05,      0.04,      0.00
       582,   2189356,        99,         2,   2206966,         0,      0.17,      0.13,      0.00
       583,   2189357,       100,         0,      1208,         0,      0.04,      0.04,      0.00
       584,   2162653,       100,         0,     26804,         0,      0.04,      0.04,      0.00
       585,   2189355,        99,         3,    411942,         0,      0.11,      0.06,      0.00
       586,   2180377,       100,         0,      9080,         0,      0.04,      0.04,      0.00
       587,   2184443,       100,         0,      5014,         0,      0.04,      0.04,      0.00
       588,   2181077,       100,         0,      8380,         0,      0.04,      0.04,      0.00
       589,   1846279,       100,         0,    343178,         0,      0.07,      0.06,      0.00
       590,   2186298,       100,         0,      3159,         0,      0.04,      0.04,      0.00
       591,   2186190,       100,         0,      3267,         0,      0.04,      0.04,      0.00
       592,   2189355,        99,         3,     25472,         0,      0.07,      0.04,      0.00
       593,   2178152,       100,         0,     11305,         0,      0.04,      0.04,      0.00
       594,   2119623,       100,         0,     69834,         0,      0.05,      0.04,      0.00
       595,   1144434,       100,         0,   1045022,         0,      0.11,      0.11,      0.00
       596,   2185586,       100,         0,      3871,         0,      0.04,      0.04,      0.00
       597,   2189357,       100,         0,     47585,         0,      0.04,      0.04,      0.00
       598,   2189357,       100,         0,       773,         0,      0.04,      0.03,      0.00
       599,   2181420,       100,         0,      8037,         0,      0.04,      0.04,      0.00
       600,   2152648,       100,         0,     36809,         0,      0.04,      0.04,      0.00
       601,   1701600,       100,         0,    487857,         0,      0.08,      0.07,      0.00
       602,   2041856,       100,         0,    147601,         0,      0.05,      0.05,      0.00
       603,   1880266,       100,         0,    309191,         0,      0.06,      0.06,      0.00
       604,   2189357,       100,         0,      6771,         0,      0.04,      0.04,      0.00
       605,   1631103,       100,         0,    558354,         0,      0.08,      0.08,      0.00
       606,   2189357,       100,         0,     11924,         0,      0.04,      0.04,      0.00
       607,   2103188,       100,         0,     86269,         0,      0.05,      0.04,      0.00
       608,   2189357,       100,         0,     14647,         0,      0.04,      0.04,      0.00
       609,   2183568,       100,         0,      5889,         0,      0.04,      0.04,      0.00
       610,   2189357,       100,         0,     10490,         0,      0.04,      0.04,      0.00
       611,   2183982,       100,         0,      5475,         0,      0.04,      0.04,      0.00
       612,   2184351,       100,         0,      5106,         0,      0.04,      0.04,      0.00
       613,   2189357,       100,         0,      1569,         0,      0.04,      0.03,      0.00
       614,   2182699,       100,         0,      6758,         0,      0.04,      0.04,      0.00
       615,   2153938,       100,         0,     35519,         0,      0.04,      0.04,      0.00
       616,   2156848,       100,         0,     32609,         0,      0.04,      0.04,      0.00
       617,   2176463,       100,         0,     12994,         0,      0.04,      0.04,      0.00
       618,   2172090,       100,         0,     17367,         0,      0.04,      0.04,      0.00
       619,   2189356,        97,         4,     43182,         0,      0.08,      0.04,      0.00
       620,   2121589,       100,         0,     67868,         0,      0.05,      0.04,      0.00
       621,   2184163,       100,         0,      5294,         0,      0.04,      0.04,      0.00
       622,   2185758,       100,         0,      3699,         0,      0.04,      0.04,      0.00
       623,   2186758,       100,         0,      2699,         0,      0.04,      0.04,      0.00
       624,   2189357,       100,         0,     14681,         0,      0.04,      0.04,      0.00
       625,   2189357,       100,         0,      1026,         0,      0.04,      0.04,      0.00
       626,   1930164,       100,         0,    259293,         0,      0.06,      0.06,      0.00
       627,   2098725,       100,         0,     90732,         0,      0.05,      0.04,      0.00
       628,   2185022,       100,         0,      4435,         0,      0.04,      0.04,      0.00
       629,   2189357,       100,         0,      1965,         0,      0.04,      0.04,      0.00
       630,   2178019,       100,         0,     11438,         0,      0.04,      0.04,      0.00
       631,   2108627,       100,         0,     80830,         0,      0.05,      0.04,      0.00
       632,   2138352,       100,         0,     51105,         0,      0.04,      0.04,      0.00
       633,   2189357,       100,         0,      3027,         0,      0.04,      0.04,      0.00
       634,   2146517,       100,         0,     42940,         0,      0.04,      0.04,      0.00
       635,   1950091,       100,         0,    239366,         0,      0.06,      0.06,      0.00
       636,   2189357,       100,         0,     42327,         0,      0.04,      0.04,      0.00
       637,   2184830,       100,         0,      4627,         0,      0.04,      0.04,      0.00
       638,   2189357,       100,         0,      7027,         0,      0.04,      0.04,      0.00
       639,   2189356,        99,         2,     21025,         0,      0.07,      0.04,      0.00
       640,   2178605,       100,         0,     10852,         0,      0.04,      0.04,      0.00
       641,   2110326,       100,         0,     79131,         0,      0.05,      0.04,      0.00
       642,   1989614,       100,         0,    199843,         0,      0.06,      0.05,      0.00
       643,   2185857,       100,         0,      3600,         0,      0.04,      0.04,      0.00
       644,   2189357,       100,         0,      3334,         0,      0.04,      0.04,      0.00
       645,   2189357,       100,         0,     29802,         0,      0.04,      0.04,      0.00
       646,   2189357,       100,         0,     11215,         0,      0.04,      0.04,      0.00
       647,   2173499,       100,         0,     15957,         0,      0.04,      0.04,      0.00
       648,   2175875,       100,         0,     13582,         0,      0.04,      0.04,      0.00
       649,   2185660,       100,         0,      3797,         0,      0.04,      0.04,      0.00
       650,   2129588,       100,         0,     59865,         0,      0.04,      0.04,      0.00
       651,   2189357,       100,         0,       929,         0,      0.04,      0.03,      0.00
       652,   2176215,       100,         0,     13242,         0,      0.04,      0.04,      0.00
       653,   2189356,        99,         2,      4807,         0,      0.07,      0.03,      0.00
       654,   2186432,       100,         0,      3025,         0,      0.04,      0.04,      0.00
       655,   2183624,       100,         0,      5833,         0,      0.04,      0.04,      0.00
       656,   2185793,       100,         0,      3664,         0,      0.04,      0.04,      0.00
       657,   2185704,       100,         0,      3753,         0,      0.04,      0.04,      0.00
       658,   2134385,       100,         0,     55072,         0,      0.04,      0.04,      0.00
       659,   2189357,       100,         0,     35143,         0,      0.04,      0.04,      0.00
       660,   2189357,       100,         0,      8727,         0,      0.04,      0.04,      0.00
       661,   2184301,       100,         0,      5156,         0,      0.04,      0.04,      0.00
       662,   2176219,       100,         0,     13238,         0,      0.04,      0.04,      0.00
       663,   2186330,       100,         0,      3127,         0,      0.04,      0.04,      0.00
       664,   2138910,       100,         0,     50547,         0,      0.04,      0.04,      0.00
       665,   2181987,       100,         0,      7470,         0,      0.04,      0.04,      0.00
       666,   2185728,       100,         0,      3729,         0,      0.04,      0.04,      0.00
       667,   2085269,       100,         0,    104188,         0,      0.05,      0.04,      0.00
       668,   2189357,       100,         0,      1616,         0,      0.04,      0.03,      0.00
       669,   2144647,       100,         0,     44810,         0,      0.04,      0.04,      0.00
       670,   1794862,       100,         0,    394595,         0,      0.07,      0.07,      0.00
       671,   2186094,       100,         0,      3363,         0,      0.06,      0.06,      0.00
       672,   2189357,       100,         0,      2829,         0,      0.04,      0.03,      0.00
       673,   2189357,       100,         0,      9109,         0,      0.04,      0.04,      0.00
       674,   2146988,       100,         0,     42469,         0,      0.04,      0.04,      0.00
       675,   2189357,       100,         0,     15054,         0,      0.04,      0.04,      0.00
       676,   2103661,       100,         0,     85796,         0,      0.05,      0.04,      0.00
       677,   2049994,       100,         0,    139463,         0,      0.05,      0.05,      0.00
       678,   2189357,       100,         0,      1031,         0,      0.04,      0.03,      0.00
       679,   2134682,       100,         0,     54775,         0,      0.04,      0.04,      0.00
       680,   1435694,       100,         0,    753763,         0,      0.10,      0.09,      0.00
       681,   2189357,       100,         0,     11567,         0,      0.04,      0.04,      0.00
       682,   2177591,       100,         0,     11866,         0,      0.04,      0.04,      0.00
       683,   2189357,       100,         0,      8446,         0,      0.04,      0.04,      0.00
       684,   2170312,       100,         0,     19145,         0,      0.04,      0.04,      0.00
       685,   2187864,       100,         0,      1593,         0,      0.04,      0.03,      0.00
       686,   2014052,       100,         0,    175405,         0,      0.05,      0.05,      0.00
       687,   2016155,       100,         0,    173302,         0,      0.05,      0.05,      0.00
       688,   2189356,        99,         2,     16292,         0,      0.07,      0.04,      0.00
       689,   2189357,       100,         0,    178840,         0,      0.05,      0.05,      0.00
       690,   2189357,       100,         0,    691664,         0,      0.09,      0.09,      0.00
       691,   2189357,       100,         0,    587509,         0,      0.08,      0.08,      0.00
       692,   2180828,       100,         0,      8629,         0,      0.04,      0.04,      0.00
       693,   2175078,       100,         0,     14379,         0,      0.04,      0.04,      0.00
       694,   2186076,       100,         0,      3381,         0,      0.04,      0.04,      0.00
       695,   1655104,       100,         0,    534353,         0,      0.08,      0.08,      0.00
       696,   2189357,       100,         0,     12202,         0,      0.04,      0.04,      0.00
       697,   2171835,       100,         0,     17622,         0,      0.04,      0.04,      0.00
       698,   2189357,       100,         0,      1272,         0,      0.04,      0.03,      0.00
       699,   2187371,       100,         0,      2086,         0,      0.04,      0.04,      0.00
       700,   2189356,        99,         2,     61248,         0,      0.07,      0.04,      0.00
       701,   2152185,       100,         0,     37272,         0,      0.04,      0.04,      0.00
       702,   2189357,       100,         0,     85174,         0,      0.05,      0.04,      0.00
       703,   1631611,       100,         0,    557846,         0,      0.08,      0.08,      0.00
       704,   2189356,        98,         3,     30953,         0,      0.07,      0.04,      0.00
       705,   2189356,        99,         2,     40053,         0,      0.08,      0.03,      0.00
       706,   2189357,       100,         0,      7329,         0,      0.04,      0.04,      0.00
       707,   2189357,       100,         0,     37805,         0,      0.04,      0.04,      0.00
       708,   2189357,       100,         0,      7013,         0,      0.04,      0.04,      0.00
       709,   2181286,       100,         0,      8171,         0,      0.04,      0.04,      0.00
       710,   2167438,       100,         0,     22019,         0,      0.04,      0.04,      0.00
       711,   2189357,       100,         0,      7245,         0,      0.04,      0.04,      0.00
       712,   2187524,       100,         0,      1933,         0,      0.04,      0.04,      0.00
       713,   2186916,       100,         0,      2541,         0,      0.04,      0.04,      0.00
       714,   2157534,       100,         0,     31923,         0,      0.04,      0.04,      0.00
       715,   2181175,       100,         0,      8282,         0,      0.04,      0.04,      0.00
       716,   1818291,       100,         0,    371166,         0,      0.07,      0.07,      0.00
       717,   2189356,        95,         6,   1925810,         0,      0.18,      0.14,      0.00
       718,   2178161,       100,         0,     11296,         0,      0.04,      0.04,      0.00
       719,   1862283,       100,         0,    327174,         0,      0.07,      0.06,      0.00
       720,   2189357,       100,         0,      8452,         0,      0.04,      0.04,      0.00
       721,   2169864,       100,         0,     19592,         0,      0.04,      0.04,      0.00
       722,   2189357,       100,         0,      2723,         0,      0.04,      0.04,      0.00
       723,   2181520,       100,         0,      7937,         0,      0.04,      0.04,      0.00
       724,   1462428,       100,         0,    727029,         0,      0.09,      0.09,      0.00
       725,   2189357,       100,         0,     13847,         0,      0.04,      0.04,      0.00
       726,   2156668,       100,         0,     32789,         0,      0.04,      0.04,      0.00
       727,   2168650,       100,         0,     20807,         0,      0.04,      0.04,      0.00
       728,   2185382,       100,         0,      4075,         0,      0.04,      0.04,      0.00
       729,   2186154,       100,         0,      3303,         0,      0.04,      0.04,      0.00
       730,   2189356,        98,         3,   1265253,         0,      0.15,      0.12,      0.00
       731,   2154271,       100,         0,     35186,         0,      0.04,      0.04,      0.00
       732,   2189357,       100,         0,      3481,         0,      0.04,      0.04,      0.00
       733,   2187717,       100,         0,      1739,         0,      0.04,      0.04,      0.00
       734,   2149044,       100,         0,     40413,         0,      0.04,      0.04,      0.00
       735,   2189357,       100,         0,     72573,         0,      0.05,      0.04,      0.00
       736,   2185321,       100,         0,      4136,         0,      0.04,      0.04,      0.00
       737,   2189356,        99,         2,      7879,         0,      0.08,      0.03,      0.00
       738,   2141620,       100,         0,     47836,         0,      0.04,      0.04,      0.00
       739,   2176447,       100,         0,     13010,         0,      0.04,      0.04,      0.00
       740,   1386638,       100,         0,    802819,         0,      0.10,      0.10,      0.00
       741,   2189357,       100,         0,      2026,         0,      0.04,      0.04,      0.00
       742,   2174208,       100,         0,     15249,         0,      0.04,      0.04,      0.00
       743,   2094918,       100,         0,     94539,         0,      0.05,      0.04,      0.00
       744,   2189356,        99,         2,     14733,         0,      0.08,      0.04,      0.00
       745,   2189357,       100,         0,      5301,         0,      0.04,      0.04,      0.00
       746,   2189357,       100,         0,     10364,         0,      0.04,      0.04,      0.00
       747,   2113960,       100,         0,     75485,         0,      0.05,      0.04,      0.00
       748,   2168345,       100,         0,     21112,         0,      0.04,      0.04,      0.00
       749,   2054171,       100,         0,    135286,         0,      0.05,      0.05,      0.00
       750,   2175529,       100,         0,     13927,         0,      0.04,      0.04,      0.00
       751,   2189357,       100,         0,      3050,         0,      0.04,      0.04,      0.00
       752,   2115452,       100,         0,     74005,         0,      0.05,      0.04,      0.00
       753,   2162434,       100,         0,     27023,         0,      0.04,      0.04,      0.00
       754,   2172917,       100,         0,     16540,         0,      0.04,      0.04,      0.00
       755,   2058470,       100,         0,    130987,         0,      0.05,      0.05,      0.00
       756,   2189357,       100,         0,     20840,         0,      0.04,      0.04,      0.00
       757,   2185703,       100,         0,      3754,         0,      0.04,      0.04,      0.00
       758,   2189357,       100,         0,      3283,         0,      0.04,      0.03,      0.00
       759,   2189357,       100,         0,      1469,         0,      0.04,      0.04,      0.00
       760,   2189356,        99,         2,     97131,         0,      0.09,      0.04,      0.00
       761,   2109977,       100,         0,     79480,         0,      0.05,      0.04,      0.00
       762,   2183122,       100,         0,      6335,         0,      0.04,      0.04,      0.00
       763,   2178182,       100,         0,     11275,         0,      0.04,      0.04,      0.00
       764,   2189357,       100,         0,      2112,         0,      0.04,      0.04,      0.00
       765,   1503601,       100,         0,    685856,         0,      0.09,      0.09,      0.00
       766,   2183567,       100,         0,      5890,         0,      0.04,      0.04,      0.00
       767,   2179594,       100,         0,      9863,         0,      0.04,      0.04,      0.00
       768,   2161263,       100,         0,     28194,         0,      0.04,      0.04,      0.00
       769,   2189357,       100,         0,      6500,         0,      0.04,      0.04,      0.00
       770,   2098295,       100,         0,     91161,         0,      0.05,      0.04,      0.00
       771,   2152172,       100,         0,     37285,         0,      0.04,      0.04,      0.00
       772,   2189357,       100,         0,     11233,         0,      0.04,      0.04,      0.00
       773,   2178883,       100,         0,     10574,         0,      0.04,      0.04,      0.00
       774,   2185464,       100,         0,      3993,         0,      0.04,      0.04,      0.00
       775,   2187071,       100,         0,      2386,         0,      0.04,      0.04,      0.00
       776,   2172649,       100,         0,     16808,         0,      0.04,      0.04,      0.00
       777,   2184256,       100,         0,      5201,         0,      0.04,      0.04,      0.00
       778,   2186556,       100,         0,      2901,         0,      0.04,      0.04,      0.00
       779,   2189356,        98,         3,    234819,         0,      0.09,      0.05,      0.00
       780,   2180848,       100,         0,      8609,         0,      0.04,      0.04,      0.00
       781,   2174510,       100,         0,     14946,         0,      0.04,      0.04,      0.00
       782,   2189357,       100,         0,      1055,         0,      0.04,      0.03,      0.00
       783,   2189357,       100,         0,      2574,         0,      0.04,      0.03,      0.00
       784,   2185268,       100,         0,      4189,         0,      0.04,      0.04,      0.00
       785,   1929572,       100,         0,    259885,         0,      0.06,      0.06,      0.00
       786,   2071180,       100,         0,    118277,         0,      0.05,      0.05,      0.00
       787,   2189356,        99,         2,      6007,         0,      0.07,      0.04,      0.00
       788,   2170263,       100,         0,     19194,         0,      0.04,      0.04,      0.00
       789,   2182748,       100,         0,      6709,         0,      0.04,      0.04,      0.00
       790,   2189356,        99,         2,     95521,         0,      0.09,      0.04,      0.00
       791,   2186910,       100,         0,      2547,         0,      0.04,      0.04,      0.00
       792,   2189352,        96,         9,    545189,         0,      0.11,      0.07,      0.00
       793,   2176100,       100,         0,     13357,         0,      0.04,      0.04,      0.00
       794,   1604146,       100,         0,    585311,         0,      0.08,      0.08,      0.00
       795,   2175874,       100,         0,     13583,         0,      0.04,      0.04,      0.00
       796,   1728512,       100,         0,    460945,         0,      0.07,      0.07,      0.00
       797,   2151540,       100,         0,     37917,         0,      0.04,      0.04,      0.00
       798,   1738283,       100,         0,    451166,         0,      0.07,      0.07,      0.00
       799,   2150299,       100,         0,     39158,         0,      0.04,      0.04,      0.00
       800,   2189357,       100,         0,      2070,         0,      0.04,      0.04,      0.00
       801,   1947310,       100,         0,    242147,         0,      0.06,      0.05,      0.00
       802,   2189356,        99,         2,     67016,         0,      0.09,      0.04,      0.00
       803,   2186603,       100,         0,      2854,         0,      0.04,      0.04,      0.00
       804,   2189357,       100,         0,      9088,         0,      0.04,      0.04,      0.00
       805,   2140860,       100,         0,     48597,         0,      0.04,      0.04,      0.00
       806,   2165550,       100,         0,     23907,         0,      0.04,      0.04,      0.00
       807,   2144805,       100,         0,     44652,         0,      0.04,      0.04,      0.00
       808,   2094056,       100,         0,     95401,         0,      0.05,      0.05,      0.00
       809,   2173940,       100,         0,     15517,         0,      0.04,      0.04,      0.00
       810,   2189357,       100,         0,      2611,         0,      0.04,      0.03,      0.00
       811,   2137498,       100,         0,     51959,         0,      0.05,      0.04,      0.00
       812,   2107407,       100,         0,     82050,         0,      0.05,      0.04,      0.00
       813,   2189357,       100,         0,      9544,         0,      0.04,      0.04,      0.00
       814,   2172341,       100,         0,     17116,         0,      0.04,      0.04,      0.00
       815,   2170183,       100,         0,     19274,         0,      0.04,      0.04,      0.00
       816,   2189356,        98,         3,     36077,         0,      0.07,      0.04,      0.00
       817,   2189356,        98,         3,     33830,         0,      0.07,      0.04,      0.00
       818,   2169292,       100,         0,     20165,         0,      0.04,      0.04,      0.00
       819,   2178333,       100,         0,     11124,         0,      0.04,      0.04,      0.00
       820,   2185343,       100,         0,      4114,         0,      0.04,      0.04,      0.00
       821,   2181687,       100,         0,      7770,         0,      0.04,      0.04,      0.00
       822,   2185404,       100,         0,      4053,         0,      0.04,      0.04,      0.00
       823,   2184059,       100,         0,      5398,         0,      0.04,      0.04,      0.00
       824,   2189357,       100,         0,      2322,         0,      0.04,      0.03,      0.00
       825,   2189357,       100,         0,   1288369,         0,      0.12,      0.12,      0.00
       826,   2160853,       100,         0,     28604,         0,      0.04,      0.04,      0.00
       827,   2189357,       100,         0,      5910,         0,      0.04,      0.04,      0.00
       828,   1885372,       100,         0,    304085,         0,      0.06,      0.06,      0.00
       829,   2187257,       100,         0,      2200,         0,      0.04,      0.04,      0.00
       830,   2185439,       100,         0,      4018,         0,      0.04,      0.04,      0.00
       831,   2189357,       100,         0,      6885,         0,      0.04,      0.04,      0.00
       832,   2183303,       100,         0,      6154,         0,      0.04,      0.04,      0.00
       833,   2182400,       100,         0,      7057,         0,      0.04,      0.04,      0.00
       834,   2169627,       100,         0,     19829,         0,      0.04,      0.04,      0.00
       835,   2183015,       100,         0,      6442,         0,      0.04,      0.04,      0.00
       836,   2186750,       100,         0,      2707,         0,      0.04,      0.04,      0.00
       837,   2175860,       100,         0,     13597,         0,      0.04,      0.04,      0.00
       838,   1967883,       100,         0,    221574,         0,      0.06,      0.05,      0.00
       839,   2148183,       100,         0,     41274,         0,      0.04,      0.04,      0.00
       840,   2161475,       100,         0,     27982,         0,      0.04,      0.04,      0.00
       841,   2189357,       100,         0,      2672,         0,      0.04,      0.04,      0.00
       842,   2186806,       100,         0,      2651,         0,      0.04,      0.04,      0.00
       843,   2189357,       100,         0,      3798,         0,      0.04,      0.03,      0.00
       844,   2189357,       100,         0,      9152,         0,      0.04,      0.04,      0.00
       845,   2189356,        99,         2,     20526,         0,      0.07,      0.04,      0.00
       846,   2189357,       100,         0,      7440,         0,      0.04,      0.04,      0.00
       847,   2161288,       100,         0,     28169,         0,      0.04,      0.04,      0.00
       848,   2173554,       100,         0,     15903,         0,      0.04,      0.04,      0.00
       849,   2184754,       100,         0,      4703,         0,      0.04,      0.04,      0.00
       850,   1602816,       100,         0,    586641,         0,      0.08,      0.08,      0.00
       851,   2175802,       100,         0,     13655,         0,      0.04,      0.04,      0.00
       852,   2186937,       100,         0,      2520,         0,      0.04,      0.04,      0.00
       853,   2189356,        99,         2,    494104,         0,      0.11,      0.07,      0.00
       854,   2179297,       100,         0,     10160,         0,      0.04,      0.04,      0.00
       855,   2168010,       100,         0,     21446,         0,      0.04,      0.04,      0.00
       856,   2180137,       100,         0,      9320,         0,      0.04,      0.04,      0.00
       857,   2189357,       100,         0,      3534,         0,      0.04,      0.04,      0.00
       858,   2189357,       100,         0,      1748,         0,      0.04,      0.03,      0.00
       859,   2168002,       100,         0,     21455,         0,      0.04,      0.04,      0.00
       860,   2189357,       100,         0,      2903,         0,      0.04,      0.04,      0.00
       861,   2137067,       100,         0,     52390,         0,      0.04,      0.04,      0.00
       862,   2184433,       100,         0,      5024,         0,      0.04,      0.04,      0.00
       863,   2188064,       100,         0,      1393,         0,      0.04,      0.03,      0.00
       864,   1324558,       100,         0,    864899,         0,      0.10,      0.10,      0.00
       865,   2179323,       100,         0,     10134,         0,      0.04,      0.04,      0.00
       866,   2187313,       100,         0,      2144,         0,      0.04,      0.04,      0.00
       867,   2187521,       100,         0,      1936,         0,      0.04,      0.04,      0.00
       868,   2182765,       100,         0,      6692,         0,      0.04,      0.04,      0.00
       869,   2185747,       100,         0,      3710,         0,      0.04,      0.04,      0.00
       870,   2189357,       100,         0,      6098,         0,      0.04,      0.04,      0.00
       871,   2159998,       100,         0,     29459,         0,      0.04,      0.04,      0.00
       872,   2166024,       100,         0,     23433,         0,      0.04,      0.04,      0.00
       873,   2183780,       100,         0,      5677,         0,      0.04,      0.04,      0.00
       874,   2183997,       100,         0,      5460,         0,      0.04,      0.04,      0.00
       875,   2189354,        99,         4,   2220135,         0,      0.17,      0.13,      0.00
       876,   2164470,       100,         0,     24987,         0,      0.04,      0.04,      0.00
       877,   2166249,       100,         0,     23208,         0,      0.04,      0.04,      0.00
       878,   2189357,       100,         0,     16005,         0,      0.04,      0.04,      0.00
       879,   2182719,       100,         0,      6738,         0,      0.04,      0.04,      0.00
       880,   2187957,       100,         0,      1500,         0,      0.04,      0.03,      0.00
       881,   2189357,       100,         0,     29304,         0,      0.04,      0.04,      0.00
       882,   2189356,        99,         2,     15035,         0,      0.07,      0.03,      0.00
       883,   2125082,       100,         0,     64375,         0,      0.05,      0.04,      0.00
       884,   2189355,        98,         4,     11795,         0,      0.07,      0.04,      0.00
       885,   2134813,       100,         0,     54644,         0,      0.04,      0.04,      0.00
       886,   2182832,       100,         0,      6625,         0,      0.04,      0.04,      0.00
       887,   2175306,       100,         0,     14151,         0,      0.04,      0.04,      0.00
       888,   1960430,       100,         0,    229027,         0,      0.06,      0.05,      0.00
       889,   2179777,       100,         0,      9680,         0,      0.04,      0.04,      0.00
       890,   2167234,       100,         0,     22223,         0,      0.04,      0.04,      0.00
       891,   2184423,       100,         0,      5033,         0,      0.04,      0.04,      0.00
       892,   2189356,        99,         2,     31398,         0,      0.07,      0.04,      0.00
       893,   2187585,       100,         0,      1872,         0,      0.04,      0.04,      0.00
       894,   2155638,       100,         0,     33819,         0,      0.04,      0.04,      0.00
       895,   2184037,       100,         0,      5420,         0,      0.04,      0.04,      0.00
       896,   2106883,       100,         0,     82574,         0,      0.05,      0.04,      0.00
       897,   2184613,       100,         0,      4844,         0,      0.04,      0.04,      0.00
       898,   2189356,        98,         3,     13218,         0,      0.07,      0.04,      0.00
       899,   2179585,       100,         0,      9872,         0,      0.04,      0.04,      0.00
       900,   2189356,        99,         2,     12740,         0,      0.07,      0.04,      0.00
       901,   2179047,       100,         0,     10410,         0,      0.04,      0.04,      0.00
       902,   2153521,       100,         0,     35936,         0,      0.04,      0.04,      0.00
       903,   2176241,       100,         0,     13216,         0,      0.04,      0.04,      0.00
       904,   2147006,       100,         0,     42451,         0,      0.04,      0.04,      0.00
       905,   1850798,       100,         0,    338659,         0,      0.07,      0.06,      0.00
       906,   2162180,       100,         0,     27277,         0,      0.04,      0.04,      0.00
       907,   2181345,       100,         0,      8110,         0,      0.04,      0.04,      0.00
       908,   2177712,       100,         0,     11745,         0,      0.04,      0.04,      0.00
       909,   2189357,       100,         0,     18866,         0,      0.04,      0.04,      0.00
       910,   2182848,       100,         0,      6609,         0,      0.04,      0.04,      0.00
       911,   2176244,       100,         0,     13213,         0,      0.04,      0.04,      0.00
       912,   2177180,       100,         0,     12277,         0,      0.04,      0.04,      0.00
       913,   2187015,       100,         0,      2442,         0,      0.04,      0.04,      0.00
       914,   2178665,       100,         0,     10792,         0,      0.04,      0.04,      0.00
       915,   2182038,       100,         0,      7419,         0,      0.04,      0.04,      0.00
       916,   2189357,       100,         0,      5048,         0,      0.04,      0.04,      0.00
       917,   2186204,       100,         0,      3253,         0,      0.04,      0.04,      0.00
       918,   2185454,       100,         0,      4002,         0,      0.04,      0.04,      0.00
       919,   2189357,       100,         0,      2659,         0,      0.04,      0.03,      0.00
       920,   2189357,       100,         0,      9625,         0,      0.04,      0.04,      0.00
       921,   2180645,       100,         0,      8812,         0,      0.04,      0.04,      0.00
       922,   1965612,       100,         0,    223845,         0,      0.06,      0.05,      0.00
       923,   2127404,       100,         0,     62053,         0,      0.05,      0.04,      0.00
       924,   2165923,       100,         0,     23534,         0,      0.04,      0.04,      0.00
       925,   2031335,       100,         0,    158121,         0,      0.05,      0.05,      0.00
       926,   2182987,       100,         0,      6470,         0,      0.04,      0.04,      0.00
       927,   1880893,       100,         0,    308564,         0,      0.06,      0.06,      0.00
       928,   2167444,       100,         0,     22013,         0,      0.04,      0.04,      0.00
       929,   1675078,       100,         0,    514379,         0,      0.08,      0.08,      0.00
       930,   2189357,       100,         0,    105910,         0,      0.05,      0.04,      0.00
       931,   2189357,       100,         0,      7004,         0,      0.04,      0.04,      0.00
       932,   2187545,       100,         0,      1912,         0,      0.04,      0.04,      0.00
       933,   2171015,       100,         0,     18442,         0,      0.04,      0.04,      0.00
       934,   2153321,       100,         0,     36136,         0,      0.04,      0.04,      0.00
       935,   1992455,       100,         0,    197002,         0,      0.05,      0.05,      0.00
       936,   2129478,       100,         0,     59979,         0,      0.04,      0.04,      0.00
       937,   2183959,       100,         0,      5498,         0,      0.04,      0.04,      0.00
       938,   2185696,       100,         0,      3761,         0,      0.04,      0.04,      0.00
       939,   2186126,       100,         0,      3331,         0,      0.04,      0.04,      0.00
       940,   2188348,       100,         0,      1109,         0,      0.04,      0.03,      0.00
       941,   2186868,       100,         0,      2589,         0,      0.04,      0.04,      0.00
       942,   2189357,       100,         0,     14948,         0,      0.04,      0.04,      0.00
       943,   2189357,       100,         0,     24794,         0,      0.04,      0.04,      0.00
       944,   2189357,       100,         0,      5018,         0,      0.04,      0.04,      0.00
       945,   2050832,       100,         0,    138625,         0,      0.05,      0.05,      0.00
       946,   2189357,       100,         0,      1332,         0,      0.04,      0.03,      0.00
       947,   2187879,       100,         0,      1578,         0,      0.04,      0.04,      0.00
       948,   2108361,       100,         0,     81096,         0,      0.05,      0.04,      0.00
       949,   2189356,        99,         2,      9661,         0,      0.07,      0.03,      0.00
       950,   2183105,       100,         0,      6352,         0,      0.04,      0.04,      0.00
       951,   2185958,       100,         0,      3499,         0,      0.04,      0.04,      0.00
       952,   2112326,       100,         0,     77131,         0,      0.05,      0.04,      0.00
       953,   2189357,       100,         0,      7988,         0,      0.04,      0.04,      0.00
       954,   2189357,       100,         0,     40363,         0,      0.04,      0.04,      0.00
       955,   2189357,       100,         0,     11232,         0,      0.05,      0.04,      0.00
       956,   2189356,        99,         2,      6177,         0,      0.07,      0.03,      0.00
       957,   2189357,       100,         0,      2337,         0,      0.04,      0.04,      0.00
       958,   2189357,       100,         0,      2049,         0,      0.04,      0.04,      0.00
       959,   2189357,       100,         0,      1192,         0,      0.04,      0.03,      0.00
       960,   2189357,       100,         0,      4611,         0,      0.04,      0.04,      0.00
       961,   2189357,       100,         0,   2189457,         0,      0.14,      0.13,      0.00
       962,   2189357,       100,         0,      8773,         0,      0.04,      0.04,      0.00
       963,   1490179,       100,         0,    699278,         0,      0.09,      0.09,      0.00
       964,   2189357,       100,         0,      1805,         0,      0.04,      0.04,      0.00
       965,   2177119,       100,         0,     12338,         0,      0.04,      0.04,      0.00
       966,   2179726,       100,         0,      9728,         0,      0.04,      0.04,      0.00
       967,   2159041,       100,         0,     30416,         0,      0.04,      0.04,      0.00
       968,   2189357,       100,         0,      2265,         0,      0.04,      0.04,      0.00
       969,   2175333,       100,         0,     14124,         0,      0.04,      0.04,      0.00
       970,   2169461,       100,         0,     19996,         0,      0.04,      0.04,      0.00
       971,   1756255,       100,         0,    433202,         0,      0.07,      0.07,      0.00
       972,   2051522,       100,         0,    137935,         0,      0.05,      0.05,      0.00
       973,   2189357,       100,         0,    598350,         0,      0.09,      0.08,      0.00
       974,   2172170,       100,         0,     17287,         0,      0.04,      0.04,      0.00
       975,   2189357,       100,         0,     11670,         0,      0.04,      0.04,      0.00
       976,   1510499,       100,         0,    678958,         0,      0.09,      0.09,      0.00
       977,   2189357,       100,         0,      1945,         0,      0.04,      0.04,      0.00
       978,   2189356,        99,         2,     25915,         0,      0.07,      0.04,      0.00
       979,   2145048,       100,         0,     44409,         0,      0.04,      0.04,      0.00
       980,   2186110,       100,         0,      3347,         0,      0.04,      0.04,      0.00
       981,   2189357,       100,         0,      2572,         0,      0.04,      0.03,      0.00
       982,   2113450,       100,         0,     76007,         0,      0.05,      0.04,      0.00
       983,   2189357,       100,         0,    133952,         0,      0.05,      0.05,      0.00
       984,   2179352,       100,         0,     10105,         0,      0.04,      0.04,      0.00
       985,   2189357,       100,         0,      3546,         0,      0.04,      0.04,      0.00
       986,   2165331,       100,         0,     24126,         0,      0.04,      0.04,      0.00
       987,    869035,       100,         0,   1320422,         0,      0.13,      0.12,      0.00
       988,   1509577,       100,         0,    679880,         0,      0.09,      0.09,      0.00
       989,   2189357,       100,         0,   1159409,         0,      0.12,      0.11,      0.00
       990,   2189355,        99,         3,    530217,         0,      0.11,      0.07,      0.00
       991,   2182478,       100,         0,      6978,         0,      0.04,      0.04,      0.00
       992,   1604708,       100,         0,    584749,         0,      0.08,      0.08,      0.00
       993,   2187248,       100,         0,      2209,         0,      0.04,      0.04,      0.00
       994,   2178727,       100,         0,     10730,         0,      0.04,      0.04,      0.00
       995,   2176860,       100,         0,     12597,         0,      0.04,      0.04,      0.00
       996,   2165527,       100,         0,     23930,         0,      0.04,      0.04,      0.00
       997,   2179874,       100,         0,      9583,         0,      0.04,      0.04,      0.00
       998,   1477938,       100,         0,    711519,         0,      0.09,      0.09,      0.00
       999,   2189357,       100,         0,     34700,         0,      0.04,      0.04,      0.00
